{
  "6": {
    "inputs": {
      "text": "((A 10-year-old girl::1.5) captures a selfie in the bedroom, visible moles, freckles on cheeks, asymmetric smile, slightly uneven eyebrows, (The background is mostly white, with little detailes::1.2), ((KidV2 captures natural shadows::1.3) while (maintaining playful energy::1.4)) \n",
      "clip": [
        "48",
        1
      ]
    },
    "class_type": "CLIPTextEncode",
    "_meta": {
      "title": "CLIP Text Encode (Positive Prompt)"
    }
  },
  "8": {
    "inputs": {
      "samples": [
        "81",
        0
      ],
      "vae": [
        "70:0",
        0
      ]
    },
    "class_type": "VAEDecode",
    "_meta": {
      "title": "VAE Decode"
    }
  },
  "16": {
    "inputs": {
      "sampler_name": "euler"
    },
    "class_type": "KSamplerSelect",
    "_meta": {
      "title": "KSamplerSelect"
    }
  },
  "22": {
    "inputs": {
      "model": [
        "80",
        0
      ],
      "conditioning": [
        "165",
        0
      ]
    },
    "class_type": "BasicGuider",
    "_meta": {
      "title": "BasicGuider"
    }
  },
  "25": {
    "inputs": {
      "noise_seed": 965538661198236
    },
    "class_type": "RandomNoise",
    "_meta": {
      "title": "RandomNoise"
    }
  },
  "26": {
    "inputs": {
      "guidance": 3,
      "conditioning": [
        "6",
        0
      ]
    },
    "class_type": "FluxGuidance",
    "_meta": {
      "title": "FluxGuidance"
    }
  },
  "40": {
    "inputs": {
      "image": "image_2025-06-05_091509473.png"
    },
    "class_type": "LoadImage",
    "_meta": {
      "title": "Load Image"
    }
  },
  "48": {
    "inputs": {
      "PowerLoraLoaderHeaderWidget": {
        "type": "PowerLoraLoaderHeaderWidget"
      },
      "lora_1": {
        "on": true,
        "lora": "lora13-11-child-realism.safetensors",
        "strength": 0.5
      },
      "lora_2": {
        "on": true,
        "lora": "flux_lora_realism_kidv2.safetensors",
        "strength": 1
      },
      "➕ Add Lora": "",
      "model": [
        "70:1",
        0
      ],
      "clip": [
        "70:2",
        0
      ]
    },
    "class_type": "Power Lora Loader (rgthree)",
    "_meta": {
      "title": "Power Lora Loader (rgthree)"
    }
  },
  "52": {
    "inputs": {
      "image": "image_2025-06-05_093351875.png"
    },
    "class_type": "LoadImage",
    "_meta": {
      "title": "Load Image"
    }
  },
  "59": {
    "inputs": {
      "image": "Selfie-background-picture-inside.jpg"
    },
    "class_type": "LoadImage",
    "_meta": {
      "title": "Load Image"
    }
  },
  "79": {
    "inputs": {
      "scheduler": "beta",
      "steps": 25,
      "denoise": 1,
      "model": [
        "48",
        0
      ]
    },
    "class_type": "BasicScheduler",
    "_meta": {
      "title": "BasicScheduler"
    }
  },
  "80": {
    "inputs": {
      "max_shift": 1.15,
      "base_shift": 0.5,
      "width": 512,
      "height": 512,
      "model": [
        "48",
        0
      ]
    },
    "class_type": "ModelSamplingFlux",
    "_meta": {
      "title": "ModelSamplingFlux"
    }
  },
  "81": {
    "inputs": {
      "noise": [
        "25",
        0
      ],
      "guider": [
        "22",
        0
      ],
      "sampler": [
        "16",
        0
      ],
      "sigmas": [
        "79",
        0
      ],
      "latent_image": [
        "84",
        0
      ]
    },
    "class_type": "SamplerCustomAdvanced",
    "_meta": {
      "title": "SamplerCustomAdvanced"
    }
  },
  "84": {
    "inputs": {
      "width": 512,
      "height": 512,
      "batch_size": 1
    },
    "class_type": "EmptySD3LatentImage",
    "_meta": {
      "title": "EmptySD3LatentImage"
    }
  },
  "91": {
    "inputs": {
      "clip_name1": "t5xxl_fp16.safetensors",
      "clip_name2": "clip_l.safetensors",
      "type": "flux",
      "device": "default"
    },
    "class_type": "DualCLIPLoader",
    "_meta": {
      "title": "DualCLIPLoader"
    }
  },
  "93": {
    "inputs": {
      "width": 1024,
      "height": 1024,
      "batch_size": 1
    },
    "class_type": "EmptySD3LatentImage",
    "_meta": {
      "title": "EmptySD3LatentImage"
    }
  },
  "95": {
    "inputs": {
      "unet_name": "flux1-dev.safetensors",
      "weight_dtype": "fp8_e4m3fn"
    },
    "class_type": "UNETLoader",
    "_meta": {
      "title": "Load Diffusion Model"
    }
  },
  "96": {
    "inputs": {
      "max_shift": 1.15,
      "base_shift": 0.5,
      "width": 1024,
      "height": 1024,
      "model": [
        "105",
        0
      ]
    },
    "class_type": "ModelSamplingFlux",
    "_meta": {
      "title": "ModelSamplingFlux"
    }
  },
  "97": {
    "inputs": {
      "scheduler": "beta",
      "steps": 30,
      "denoise": 0.9000000000000001,
      "model": [
        "96",
        0
      ]
    },
    "class_type": "BasicScheduler",
    "_meta": {
      "title": "BasicScheduler"
    }
  },
  "98": {
    "inputs": {
      "sampler_name": "euler"
    },
    "class_type": "KSamplerSelect",
    "_meta": {
      "title": "KSamplerSelect"
    }
  },
  "99": {
    "inputs": {
      "noise_seed": 531108208834870
    },
    "class_type": "RandomNoise",
    "_meta": {
      "title": "RandomNoise"
    }
  },
  "100": {
    "inputs": {
      "model": [
        "96",
        0
      ],
      "conditioning": [
        "101",
        0
      ]
    },
    "class_type": "BasicGuider",
    "_meta": {
      "title": "BasicGuider"
    }
  },
  "101": {
    "inputs": {
      "guidance": 3.2,
      "conditioning": [
        "107",
        0
      ]
    },
    "class_type": "FluxGuidance",
    "_meta": {
      "title": "FluxGuidance"
    }
  },
  "102": {
    "inputs": {
      "samples": [
        "109:1",
        0
      ],
      "vae": [
        "109:0",
        0
      ]
    },
    "class_type": "VAEDecode",
    "_meta": {
      "title": "VAE Decode"
    }
  },
  "105": {
    "inputs": {
      "PowerLoraLoaderHeaderWidget": {
        "type": "PowerLoraLoaderHeaderWidget"
      },
      "lora_1": {
        "on": true,
        "lora": "flux_lora_realism_kidv2 2.safetensors",
        "strength": 1
      },
      "lora_2": {
        "on": true,
        "lora": "lora13-11-child-realism.safetensors",
        "strength": 0.5
      },
      "➕ Add Lora": "",
      "model": [
        "95",
        0
      ],
      "clip": [
        "91",
        0
      ]
    },
    "class_type": "Power Lora Loader (rgthree)",
    "_meta": {
      "title": "Power Lora Loader (rgthree)"
    }
  },
  "106": {
    "inputs": {
      "filename_prefix": "ComfyUI",
      "images": [
        "102",
        0
      ]
    },
    "class_type": "SaveImage",
    "_meta": {
      "title": "Save Image"
    }
  },
  "107": {
    "inputs": {
      "text": "((A 10-year-old girl::1.5) captures a selfie in the bedroom, visible moles, slightly uneven eyebrows, (The background is mostly white, with little detailes::1.2), ((KidV2 captures natural shadows::1.3) while (maintaining playful energy::1.4)) \n",
      "clip": [
        "105",
        1
      ]
    },
    "class_type": "CLIPTextEncode",
    "_meta": {
      "title": "CLIP Text Encode (Positive Prompt)"
    }
  },
  "119": {
    "inputs": {
      "images": [
        "102",
        0
      ]
    },
    "class_type": "Context (rgthree)",
    "_meta": {
      "title": "Context (rgthree)"
    }
  },
  "133": {
    "inputs": {
      "ctx_01": [
        "119",
        0
      ]
    },
    "class_type": "Context Switch (rgthree)",
    "_meta": {
      "title": "Context Switch (rgthree)"
    }
  },
  "151": {
    "inputs": {
      "style_model_name": "flux1-redux-dev.safetensors"
    },
    "class_type": "StyleModelLoader",
    "_meta": {
      "title": "Load Style Model"
    }
  },
  "152": {
    "inputs": {
      "clip_name": "sigclip_vision_patch14_384.safetensors"
    },
    "class_type": "CLIPVisionLoader",
    "_meta": {
      "title": "Load CLIP Vision"
    }
  },
  "153": {
    "inputs": {
      "width": 1024,
      "height": 1024,
      "position": "top-center",
      "x_offset": 0,
      "y_offset": 0,
      "image": [
        "40",
        0
      ]
    },
    "class_type": "ImageCrop+",
    "_meta": {
      "title": "🔧 Image Crop"
    }
  },
  "155": {
    "inputs": {
      "image_strength": "medium",
      "conditioning": [
        "26",
        0
      ],
      "style_model": [
        "151",
        0
      ],
      "clip_vision_output": [
        "167",
        0
      ]
    },
    "class_type": "StyleModelApplySimple",
    "_meta": {
      "title": "StyleModelApplySimple"
    }
  },
  "156": {
    "inputs": {
      "style_model_name": "flux1-redux-dev.safetensors"
    },
    "class_type": "StyleModelLoader",
    "_meta": {
      "title": "Load Style Model"
    }
  },
  "157": {
    "inputs": {
      "clip_name": "sigclip_vision_patch14_384.safetensors"
    },
    "class_type": "CLIPVisionLoader",
    "_meta": {
      "title": "Load CLIP Vision"
    }
  },
  "158": {
    "inputs": {
      "width": 1024,
      "height": 1024,
      "position": "top-center",
      "x_offset": 0,
      "y_offset": 0,
      "image": [
        "133",
        7
      ]
    },
    "class_type": "ImageCrop+",
    "_meta": {
      "title": "🔧 Image Crop"
    }
  },
  "160": {
    "inputs": {
      "image_strength": "medium",
      "conditioning": [
        "155",
        0
      ],
      "style_model": [
        "156",
        0
      ],
      "clip_vision_output": [
        "168",
        0
      ]
    },
    "class_type": "StyleModelApplySimple",
    "_meta": {
      "title": "StyleModelApplySimple"
    }
  },
  "161": {
    "inputs": {
      "style_model_name": "flux1-redux-dev.safetensors"
    },
    "class_type": "StyleModelLoader",
    "_meta": {
      "title": "Load Style Model"
    }
  },
  "162": {
    "inputs": {
      "clip_name": "sigclip_vision_patch14_384.safetensors"
    },
    "class_type": "CLIPVisionLoader",
    "_meta": {
      "title": "Load CLIP Vision"
    }
  },
  "163": {
    "inputs": {
      "width": 1024,
      "height": 1024,
      "position": "top-center",
      "x_offset": 0,
      "y_offset": 107,
      "image": [
        "59",
        0
      ]
    },
    "class_type": "ImageCrop+",
    "_meta": {
      "title": "🔧 Image Crop"
    }
  },
  "165": {
    "inputs": {
      "image_strength": "medium",
      "conditioning": [
        "160",
        0
      ],
      "style_model": [
        "161",
        0
      ],
      "clip_vision_output": [
        "169",
        0
      ]
    },
    "class_type": "StyleModelApplySimple",
    "_meta": {
      "title": "StyleModelApplySimple"
    }
  },
  "167": {
    "inputs": {
      "crop": "center",
      "clip_vision": [
        "152",
        0
      ],
      "image": [
        "153",
        0
      ]
    },
    "class_type": "CLIPVisionEncode",
    "_meta": {
      "title": "CLIP Vision Encode"
    }
  },
  "168": {
    "inputs": {
      "crop": "center",
      "clip_vision": [
        "157",
        0
      ],
      "image": [
        "158",
        0
      ]
    },
    "class_type": "CLIPVisionEncode",
    "_meta": {
      "title": "CLIP Vision Encode"
    }
  },
  "169": {
    "inputs": {
      "crop": "center",
      "clip_vision": [
        "162",
        0
      ],
      "image": [
        "163",
        0
      ]
    },
    "class_type": "CLIPVisionEncode",
    "_meta": {
      "title": "CLIP Vision Encode"
    }
  },
  "70:0": {
    "inputs": {
      "vae_name": "ae.safetensors"
    },
    "class_type": "VAELoader",
    "_meta": {
      "title": "Load VAE"
    }
  },
  "70:1": {
    "inputs": {
      "unet_name": "flux1-dev.safetensors",
      "weight_dtype": "fp8_e4m3fn"
    },
    "class_type": "UNETLoader",
    "_meta": {
      "title": "Load Diffusion Model"
    }
  },
  "70:2": {
    "inputs": {
      "clip_name1": "t5xxl_fp16.safetensors",
      "clip_name2": "clip_l.safetensors",
      "type": "flux",
      "device": "default"
    },
    "class_type": "DualCLIPLoader",
    "_meta": {
      "title": "DualCLIPLoader"
    }
  },
  "109:0": {
    "inputs": {
      "vae_name": "ae.safetensors"
    },
    "class_type": "VAELoader",
    "_meta": {
      "title": "Load VAE"
    }
  },
  "109:1": {
    "inputs": {
      "noise": [
        "99",
        0
      ],
      "guider": [
        "100",
        0
      ],
      "sampler": [
        "98",
        0
      ],
      "sigmas": [
        "97",
        0
      ],
      "latent_image": [
        "93",
        0
      ]
    },
    "class_type": "SamplerCustomAdvanced",
    "_meta": {
      "title": "SamplerCustomAdvanced"
    }
  }
}